id,first_name,last_name,email
1,Rossie,Linkie,rlinkie0@desdev.cn
2,Mechelle,Perks,mperks1@merriam-webster.com
3,North,Frodsam,nfrodsam2@hibu.com
4,Fiann,Raxworthy,fraxworthy3@home.pl
5,Feliza,Aries,faries4@auda.org.au
6,Mellicent,Searl,msearl5@vinaora.com
7,Wilow,Kas,wkas6@chron.com
8,Dorothee,Fautley,dfautley7@google.com.au
9,Babbie,Giraths,bgiraths8@discovery.com
10,Grange,Rosie,grosie9@symantec.com
11,Maximilian,Aucock,maucocka@house.gov
12,Carolina,Pablos,cpablosb@cornell.edu
13,Anatola,Bellam,abellamc@chicagotribune.com
14,Edyth,McAllen,emcallend@weibo.com
15,Nickie,Rotter,nrottere@nih.gov
16,Gussi,Duggary,gduggaryf@ning.com
17,Johnna,McCoughan,jmccoughang@patch.com
18,Valaree,Chifney,vchifneyh@microsoft.com
19,Flossi,Treweke,ftrewekei@liveinternet.ru
20,Mario,Cronk,mcronkj@mediafire.com
21,Simone,Barnett,sbarnettk@posterous.com
22,Tamqrah,Shillitto,tshillittol@google.pl
23,Gifford,Heads,gheadsm@addthis.com
24,Shelbi,Guilleton,sguilletonn@npr.org
25,Reinhard,McShane,rmcshaneo@goo.ne.jp
26,Suzann,McWilliam,smcwilliamp@simplemachines.org
27,Audry,Clifton,acliftonq@homestead.com
28,Farrand,Church,fchurchr@wordpress.org
29,Clint,Willeman,cwillemans@wufoo.com
30,Frankie,D'Alwis,fdalwist@oaic.gov.au
31,Tim,Habergham,thaberghamu@bbc.co.uk
32,Saleem,Picknett,spicknettv@multiply.com
33,Derwin,Whyard,dwhyardw@lycos.com
34,Tommie,Stolli,tstollix@nyu.edu
35,Theo,Corten,tcorteny@addtoany.com
36,Laney,Dyne,ldynez@slashdot.org
37,Derwin,Rudledge,drudledge10@deviantart.com
38,Dalt,Zannini,dzannini11@reference.com
39,Derek,Yakobowitz,dyakobowitz12@marketwatch.com
40,Evey,Peckitt,epeckitt13@home.pl
41,Kippy,Timpany,ktimpany14@wunderground.com
42,Antoine,Perez,aperez15@prlog.org
43,Agretha,Niblett,aniblett16@flavors.me
44,Cleve,Sallier,csallier17@moonfruit.com
45,Rebbecca,Gaskell,rgaskell18@bandcamp.com
46,Liza,Blazewski,lblazewski19@europa.eu
47,Lawton,Croxall,lcroxall1a@rambler.ru
48,Guenevere,Kibbe,gkibbe1b@parallels.com
49,Valentino,Sturm,vsturm1c@java.com
50,Bryanty,Gilston,bgilston1d@rambler.ru
51,Rice,Mayfield,rmayfield1e@archive.org
52,Dolly,Langmuir,dlangmuir1f@ebay.com
53,Lawry,Bayne,lbayne1g@w3.org
54,Hermon,Willavoys,hwillavoys1h@pen.io
55,Aurelea,Bourgourd,abourgourd1i@nyu.edu
56,Rollie,Rawlings,rrawlings1j@xinhuanet.com
57,Ernest,Shepland,eshepland1k@live.com
58,Ines,Oakshott,ioakshott1l@imgur.com
59,Willy,Filkov,wfilkov1m@gravatar.com
60,Eugenius,Hamson,ehamson1n@abc.net.au
61,Davis,Grouer,dgrouer1o@dot.gov
62,Staci,Ingleston,singleston1p@yolasite.com
63,Karla,Knaggs,kknaggs1q@blogs.com
64,Moina,Loades,mloades1r@hibu.com
65,Helli,Baudet,hbaudet1s@wikispaces.com
66,Raquel,McGivena,rmcgivena1t@toplist.cz
67,Ramsay,Bellord,rbellord1u@soundcloud.com
68,Esta,Hartin,ehartin1v@blog.com
69,Ricard,Sergeant,rsergeant1w@g.co
70,Terri-jo,Rapinett,trapinett1x@mac.com
71,Hattie,McComas,hmccomas1y@altervista.org
72,Carine,Banfill,cbanfill1z@mediafire.com
73,Mack,Buston,mbuston20@upenn.edu
74,Lannie,Maplethorp,lmaplethorp21@cnbc.com
75,Allayne,Burridge,aburridge22@deviantart.com
76,Cordell,Gentric,cgentric23@mail.ru
77,Baron,Eathorne,beathorne24@businesswire.com
78,Humbert,Acosta,hacosta25@elegantthemes.com
79,Rupert,Caught,rcaught26@nature.com
80,Levy,Leadbetter,lleadbetter27@icq.com
81,Raimundo,Roake,rroake28@google.cn
82,Karen,Sturdgess,ksturdgess29@netlog.com
83,Cyril,Udale,cudale2a@samsung.com
84,Atlanta,Dafforne,adafforne2b@webnode.com
85,Wesley,Degoe,wdegoe2c@lycos.com
86,Tabitha,Coverly,tcoverly2d@flickr.com
87,Rosaline,Grigoryev,rgrigoryev2e@imdb.com
88,Dennis,Adie,dadie2f@alexa.com
89,Ambrosius,Heam,aheam2g@imageshack.us
90,Gordon,Potte,gpotte2h@rediff.com
91,Shayna,Goodings,sgoodings2i@slashdot.org
92,Hedvige,Lindbergh,hlindbergh2j@omniture.com
93,David,Lippett,dlippett2k@dell.com
94,Aila,Gedling,agedling2l@blogspot.com
95,Ula,Cullip,ucullip2m@sphinn.com
96,Robina,Storey,rstorey2n@prnewswire.com
97,Gwenette,Saggers,gsaggers2o@hp.com
98,Sheila,Filipchikov,sfilipchikov2p@hao123.com
99,Evangelina,MacTerlagh,emacterlagh2q@ocn.ne.jp
100,Broderick,Fee,bfee2r@macromedia.com
101,Devin,Eakins,deakins2s@usnews.com
102,Liuka,Lembrick,llembrick2t@oaic.gov.au
103,Kenon,Healings,khealings2u@php.net
104,Neala,Florentine,nflorentine2v@sakura.ne.jp
105,Alastair,Calkin,acalkin2w@thetimes.co.uk
106,Sukey,Klosa,sklosa2x@purevolume.com
107,Laure,Perkins,lperkins2y@zimbio.com
108,Miranda,Tocknell,mtocknell2z@sourceforge.net
109,Marley,Myerscough,mmyerscough30@cafepress.com
110,Antonella,Southorn,asouthorn31@flickr.com
111,Beale,Lipyeat,blipyeat32@amazon.co.uk
112,Raquela,Akenhead,rakenhead33@lycos.com
113,Andrew,Chawner,achawner34@va.gov
114,Mathew,Senechault,msenechault35@woothemes.com
115,Berkie,Fishly,bfishly36@dropbox.com
116,Ariel,Vannucci,avannucci37@samsung.com
117,Bette-ann,Argyle,bargyle38@wired.com
118,Joly,Veldstra,jveldstra39@i2i.jp
119,Dyanne,Fullalove,dfullalove3a@plala.or.jp
120,Rikki,Collyer,rcollyer3b@alibaba.com
121,Kipper,Venediktov,kvenediktov3c@over-blog.com
122,Nicko,Horley,nhorley3d@time.com
123,Suzi,Villalta,svillalta3e@telegraph.co.uk
124,Elwira,Baldinotti,ebaldinotti3f@themeforest.net
125,Zolly,Turtle,zturtle3g@constantcontact.com
126,Granger,Petzold,gpetzold3h@sciencedaily.com
127,Roxine,Neiland,rneiland3i@pbs.org
128,Saudra,Abbatucci,sabbatucci3j@nymag.com
129,Teri,Starkings,tstarkings3k@nps.gov
130,Daile,Billiard,dbilliard3l@umich.edu
131,Gladi,Arnaez,garnaez3m@sciencedaily.com
132,Bartram,Pipet,bpipet3n@sakura.ne.jp
133,Darbee,Miettinen,dmiettinen3o@nhs.uk
134,Adella,Stiggers,astiggers3p@adobe.com
135,Reilly,Linden,rlinden3q@canalblog.com
136,Sherlock,Michie,smichie3r@networksolutions.com
137,Judon,Hazeldene,jhazeldene3s@livejournal.com
138,Zachary,Cardenoza,zcardenoza3t@mozilla.com
139,Farly,Gorry,fgorry3u@yandex.ru
140,Inigo,Nizet,inizet3v@naver.com
141,Lillis,Vanacci,lvanacci3w@dailymail.co.uk
142,Celia,Causnett,ccausnett3x@wikipedia.org
143,Tripp,Millis,tmillis3y@barnesandnoble.com
144,Hort,Feechum,hfeechum3z@behance.net
145,Pippo,Wethers,pwethers40@uiuc.edu
146,Daffi,Humphris,dhumphris41@mysql.com
147,Noach,Corrao,ncorrao42@youtube.com
148,Nathaniel,Steptoe,nsteptoe43@umn.edu
149,Otto,Veltmann,oveltmann44@netscape.com
150,Beth,Renny,brenny45@hc360.com
151,Andreana,Mingus,amingus46@ebay.co.uk
152,Harrison,Willers,hwillers47@loc.gov
153,Dermot,Thorsby,dthorsby48@mtv.com
154,Myrtie,Chomicz,mchomicz49@istockphoto.com
155,Todd,Huckle,thuckle4a@ameblo.jp
156,Minne,Jeynes,mjeynes4b@imgur.com
157,Babita,Sima,bsima4c@vkontakte.ru
158,Myles,MacKean,mmackean4d@networksolutions.com
159,Inesita,Dodwell,idodwell4e@who.int
160,Camel,Kmiec,ckmiec4f@si.edu
161,Brandea,Wragg,bwragg4g@mit.edu
162,Trace,Roome,troome4h@mapy.cz
163,Northrup,Leyrroyd,nleyrroyd4i@constantcontact.com
164,Dickie,Mundall,dmundall4j@etsy.com
165,Alberik,Oolahan,aoolahan4k@nyu.edu
166,Adelheid,Adrianello,aadrianello4l@smugmug.com
167,Mickey,Beverley,mbeverley4m@istockphoto.com
168,Lorilee,Bover,lbover4n@macromedia.com
169,Rubin,Edgcumbe,redgcumbe4o@forbes.com
170,Randal,Luffman,rluffman4p@addthis.com
171,Noami,Adamou,nadamou4q@google.ca
172,Annette,Balderston,abalderston4r@cbslocal.com
173,Elysia,Cudiff,ecudiff4s@jimdo.com
174,Court,Hitter,chitter4t@bbb.org
175,Willard,Ghidoni,wghidoni4u@aboutads.info
176,Murvyn,Redon,mredon4v@csmonitor.com
177,Ivette,Elfitt,ielfitt4w@nymag.com
178,Humfried,Cerie,hcerie4x@etsy.com
179,Corbie,Lauchlan,clauchlan4y@addthis.com
180,Jakie,Gasparro,jgasparro4z@fda.gov
181,Cariotta,McClifferty,cmcclifferty50@squidoo.com
182,Hyacinth,Hartridge,hhartridge51@mac.com
183,Vinita,Yearsley,vyearsley52@cam.ac.uk
184,Josh,Sayre,jsayre53@godaddy.com
185,Shayne,Endean,sendean54@gov.uk
186,Romy,Dulen,rdulen55@google.it
187,Ingram,Grizard,igrizard56@mit.edu
188,Federico,Decourcy,fdecourcy57@about.com
189,Cherie,Tapley,ctapley58@newyorker.com
190,Ruth,Bartels-Ellis,rbartelsellis59@mediafire.com
191,Emanuel,Lomansey,elomansey5a@usda.gov
192,Conan,M'cowis,cmcowis5b@fotki.com
193,Eadie,Gulk,egulk5c@bloomberg.com
194,Gladys,Hubbard,ghubbard5d@gnu.org
195,Jayme,Benkhe,jbenkhe5e@reference.com
196,Maxie,Leggate,mleggate5f@sfgate.com
197,Caitlin,Lile,clile5g@hugedomains.com
198,Octavia,Parradye,oparradye5h@nyu.edu
199,Lyle,Cassin,lcassin5i@loc.gov
200,Camille,Pointon,cpointon5j@psu.edu
201,Nowell,Ganford,nganford5k@unesco.org
202,Allina,Argabrite,aargabrite5l@globo.com
203,Bartolomeo,Curlis,bcurlis5m@thetimes.co.uk
204,Haley,Raggitt,hraggitt5n@cpanel.net
205,Rourke,Lagneaux,rlagneaux5o@facebook.com
206,Dorothee,Berzins,dberzins5p@weather.com
207,Xerxes,Silber,xsilber5q@canalblog.com
208,Gawain,Denyer,gdenyer5r@slate.com
209,Maryjane,Munn,mmunn5s@arstechnica.com
210,Frederick,Geekie,fgeekie5t@home.pl
211,Darbie,Brood,dbrood5u@weibo.com
212,Yetta,Custard,ycustard5v@facebook.com
213,Gerladina,Heindl,gheindl5w@myspace.com
214,Marilyn,Sheehan,msheehan5x@weibo.com
215,Leonore,McGarrity,lmcgarrity5y@usnews.com
216,Gerda,Ioselev,gioselev5z@comcast.net
217,Florance,Collett,fcollett60@free.fr
218,Karyn,Rotte,krotte61@slideshare.net
219,Bethany,Combe,bcombe62@mapy.cz
220,Pamelina,Pendlenton,ppendlenton63@over-blog.com
221,Oren,Shiel,oshiel64@drupal.org
222,Goldy,Brotherton,gbrotherton65@etsy.com
223,Tailor,Navein,tnavein66@phpbb.com
224,Jonas,Steptow,jsteptow67@163.com
225,Shae,Kirkhouse,skirkhouse68@imageshack.us
226,Carlene,Alderton,calderton69@google.com.br
227,Travers,Murr,tmurr6a@ocn.ne.jp
228,Lennie,Froom,lfroom6b@myspace.com
229,Chelsae,Pierton,cpierton6c@sakura.ne.jp
230,Linnet,Ruf,lruf6d@eventbrite.com
231,Andonis,O'Carran,aocarran6e@mlb.com
232,Austine,MacKartan,amackartan6f@narod.ru
233,Cynthy,Lawlee,clawlee6g@apple.com
234,Delilah,Tarbard,dtarbard6h@cbc.ca
235,Alfonse,Keasey,akeasey6i@state.tx.us
236,Gonzales,Wybrew,gwybrew6j@guardian.co.uk
237,Cyrille,Benoy,cbenoy6k@xrea.com
238,Yorgo,Bertholin,ybertholin6l@examiner.com
239,Clifford,Greatbank,cgreatbank6m@symantec.com
240,Felice,Mingus,fmingus6n@tuttocitta.it
241,Dilan,Scawen,dscawen6o@scientificamerican.com
242,Karyn,Oolahan,koolahan6p@dell.com
243,Mellisent,Cescon,mcescon6q@parallels.com
244,Imogene,Ibbison,iibbison6r@shinystat.com
245,Eduardo,Casarili,ecasarili6s@hud.gov
246,Raimundo,Learie,rlearie6t@mapy.cz
247,Melany,Rounds,mrounds6u@123-reg.co.uk
248,Mersey,Pudge,mpudge6v@yellowpages.com
249,Katrina,Lunck,klunck6w@dailymotion.com
250,Annamaria,Obington,aobington6x@topsy.com
251,Derby,Maltby,dmaltby6y@examiner.com
252,Wyatan,Vockings,wvockings6z@mysql.com
253,Beatrice,Milmith,bmilmith70@umn.edu
254,Laura,Didball,ldidball71@pen.io
255,Opal,Keilty,okeilty72@si.edu
256,Keefe,Gage,kgage73@businesswire.com
257,Bail,Dayne,bdayne74@fastcompany.com
258,Gordan,Neal,gneal75@wiley.com
259,Corena,Gianolini,cgianolini76@mediafire.com
260,Eugenio,Attwell,eattwell77@google.com
261,Kent,Tod,ktod78@businessinsider.com
262,Rowney,Timson,rtimson79@bing.com
263,Bridie,Bewley,bbewley7a@booking.com
264,Molly,Woolley,mwoolley7b@cbsnews.com
265,Annecorinne,Richold,arichold7c@sphinn.com
266,Vin,Talby,vtalby7d@multiply.com
267,Joyann,Lupton,jlupton7e@mtv.com
268,Derby,Stollhofer,dstollhofer7f@sun.com
269,Noella,Callway,ncallway7g@google.com.hk
270,Lark,Donkersley,ldonkersley7h@hostgator.com
271,Darnell,Camings,dcamings7i@gizmodo.com
272,Rosaline,Yearnes,ryearnes7j@oaic.gov.au
273,Wenda,Tidgewell,wtidgewell7k@answers.com
274,Felisha,McCafferky,fmccafferky7l@issuu.com
275,Mirabel,Kordova,mkordova7m@sina.com.cn
276,Rennie,Dunican,rdunican7n@artisteer.com
277,Marietta,Carous,mcarous7o@geocities.jp
278,Godart,Baine,gbaine7p@tripod.com
279,Fransisco,Healing,fhealing7q@slideshare.net
280,Vanni,Phalip,vphalip7r@skype.com
281,Crystal,Sickamore,csickamore7s@jugem.jp
282,Essy,Nystrom,enystrom7t@imgur.com
283,Daven,Watson-Brown,dwatsonbrown7u@mapquest.com
284,Dimitri,Curr,dcurr7v@nationalgeographic.com
285,Rahel,Frain,rfrain7w@drupal.org
286,Erica,Jobb,ejobb7x@google.ru
287,Jayme,Zanotti,jzanotti7y@pcworld.com
288,Mariska,Kingerby,mkingerby7z@rediff.com
289,Atlante,Lyon,alyon80@unblog.fr
290,Saunders,Crumley,scrumley81@walmart.com
291,Brander,Popplewell,bpopplewell82@princeton.edu
292,Rachel,Watsam,rwatsam83@g.co
293,Pearla,Simnel,psimnel84@1und1.de
294,Brucie,Donnett,bdonnett85@kickstarter.com
295,Chrystel,Woolway,cwoolway86@shinystat.com
296,Corrine,Fiddeman,cfiddeman87@so-net.ne.jp
297,Marika,McKern,mmckern88@flickr.com
298,Waldon,Harriss,wharriss89@netvibes.com
299,Alyosha,Wheatman,awheatman8a@boston.com
300,Aubree,Hakewell,ahakewell8b@bloomberg.com
301,Rubetta,Battersby,rbattersby8c@4shared.com
302,Griffin,Aitkenhead,gaitkenhead8d@lycos.com
303,Genvieve,Semper,gsemper8e@i2i.jp
304,Jimmy,Askin,jaskin8f@mlb.com
305,Winni,Champkins,wchampkins8g@usatoday.com
306,Gage,Privett,gprivett8h@e-recht24.de
307,Danya,McQuillen,dmcquillen8i@umn.edu
308,Conny,Dewbury,cdewbury8j@creativecommons.org
309,Rodger,Dun,rdun8k@disqus.com
310,Lamar,Neve,lneve8l@cbsnews.com
311,Gottfried,Hammelberg,ghammelberg8m@amazon.co.uk
312,Zorana,Ferraraccio,zferraraccio8n@bloglovin.com
313,Creigh,Beccera,cbeccera8o@topsy.com
314,Mady,Axtens,maxtens8p@chron.com
315,Eugenius,Ettridge,eettridge8q@seesaa.net
316,Gabriel,Tudgay,gtudgay8r@yale.edu
317,Verney,Scardafield,vscardafield8s@fema.gov
318,Tina,Lestor,tlestor8t@senate.gov
319,Ronica,Bartoszinski,rbartoszinski8u@mac.com
320,Rafi,Garci,rgarci8v@earthlink.net
321,Westbrook,Garrad,wgarrad8w@jugem.jp
322,Sondra,Checchi,schecchi8x@xrea.com
323,Andy,Gallihaulk,agallihaulk8y@ebay.com
324,Berta,Hele,bhele8z@unesco.org
325,Wat,McAusland,wmcausland90@chicagotribune.com
326,Saba,Skellen,sskellen91@artisteer.com
327,Jordain,Moorey,jmoorey92@prweb.com
328,Elissa,Winter,ewinter93@huffingtonpost.com
329,Christos,Pawsey,cpawsey94@behance.net
330,Constantine,Hendrik,chendrik95@quantcast.com
331,Hall,Kinset,hkinset96@google.com
332,Sebastiano,Pilkington,spilkington97@mtv.com
333,Lloyd,Wallege,lwallege98@craigslist.org
334,Lynnelle,Steel,lsteel99@thetimes.co.uk
335,Dmitri,Lindegard,dlindegard9a@vinaora.com
336,Jaquelyn,Blazic,jblazic9b@amazon.co.uk
337,Torrie,Isoldi,tisoldi9c@pcworld.com
338,Berny,Keling,bkeling9d@list-manage.com
339,Angelique,McGirr,amcgirr9e@sciencedirect.com
340,Ruddy,Quantick,rquantick9f@scribd.com
341,Andras,O'Scannill,aoscannill9g@yahoo.co.jp
342,Winfield,Doxsey,wdoxsey9h@springer.com
343,Cecilla,Borton,cborton9i@google.com.hk
344,Marla,Tyre,mtyre9j@live.com
345,Laurette,Radki,lradki9k@mail.ru
346,Halsey,Mahmood,hmahmood9l@freewebs.com
347,Glenn,Colvin,gcolvin9m@lulu.com
348,Abigael,Gooms,agooms9n@tinypic.com
349,Leigha,Cockerell,lcockerell9o@theatlantic.com
350,Bret,Colwill,bcolwill9p@newsvine.com
351,Thaxter,Lempenny,tlempenny9q@so-net.ne.jp
352,Frederica,Barrar,fbarrar9r@indiatimes.com
353,Tatiania,Cully,tcully9s@cargocollective.com
354,Jasun,Noonan,jnoonan9t@joomla.org
355,Penni,Deesly,pdeesly9u@homestead.com
356,Garik,Vernon,gvernon9v@bloglines.com
357,Robinett,FitzAlan,rfitzalan9w@etsy.com
358,Bud,Mews,bmews9x@miitbeian.gov.cn
359,Nessi,Fordham,nfordham9y@nhs.uk
360,Jolee,Turban,jturban9z@msu.edu
361,Domini,Kenryd,dkenryda0@e-recht24.de
362,Bernarr,Phaup,bphaupa1@360.cn
363,Hersch,Glander,hglandera2@jalbum.net
364,Eartha,Scala,escalaa3@nsw.gov.au
365,Pietrek,Worsom,pworsoma4@arizona.edu
366,Jarad,Padwick,jpadwicka5@businessweek.com
367,Brew,Courcey,bcourceya6@jimdo.com
368,Garvin,Lightbown,glightbowna7@bbc.co.uk
369,Kaye,Ribchester,kribchestera8@unc.edu
370,Gwendolen,Mattek,gmatteka9@sakura.ne.jp
371,Alla,Dorracott,adorracottaa@hatena.ne.jp
372,Cari,Giacoppo,cgiacoppoab@fastcompany.com
373,Christiane,Stanett,cstanettac@businessinsider.com
374,Mora,Roberds,mroberdsad@engadget.com
375,Kellen,Mell,kmellae@xing.com
376,Magnum,Janiak,mjaniakaf@time.com
377,Lem,Creser,lcreserag@bbb.org
378,Giralda,Saket,gsaketah@github.com
379,Bethany,Gynne,bgynneai@latimes.com
380,Joanne,Heads,jheadsaj@huffingtonpost.com
381,Karlan,Boncore,kboncoreak@si.edu
382,Giffy,Ilden,gildenal@mashable.com
383,Palmer,Powner,ppowneram@businessinsider.com
384,Hoebart,Jacquot,hjacquotan@amazon.co.uk
385,Viva,Churn,vchurnao@ucoz.ru
386,Patton,Klousner,pklousnerap@fda.gov
387,Cecilia,Kahn,ckahnaq@edublogs.org
388,Padraig,Lillistone,plillistonear@google.com.hk
389,Arlin,Bourgourd,abourgourdas@arstechnica.com
390,Perri,Diddams,pdiddamsat@typepad.com
391,Viva,Tomczak,vtomczakau@whitehouse.gov
392,Delores,MacNeillie,dmacneillieav@csmonitor.com
393,Lowe,Freund,lfreundaw@tripod.com
394,Nadean,Breckell,nbreckellax@theguardian.com
395,Carling,Fretson,cfretsonay@geocities.jp
396,Frederick,Lindblom,flindblomaz@wufoo.com
397,Phaedra,Djekovic,pdjekovicb0@miitbeian.gov.cn
398,Jinny,Klimkovich,jklimkovichb1@vimeo.com
399,Collie,Glandon,cglandonb2@ycombinator.com
400,Billie,Mountstephen,bmountstephenb3@eepurl.com
401,Rube,Brimham,rbrimhamb4@gizmodo.com
402,Hesther,Cumpton,hcumptonb5@canalblog.com
403,Vilma,Fearne,vfearneb6@squarespace.com
404,Muffin,Steinson,msteinsonb7@ebay.com
405,Gabrila,Drewes,gdrewesb8@sciencedirect.com
406,Wright,Burtwell,wburtwellb9@jalbum.net
407,Rodolfo,Kemmons,rkemmonsba@booking.com
408,Duffy,Leak,dleakbb@comcast.net
409,Grantham,Vasilchikov,gvasilchikovbc@pen.io
410,Vick,Franiak,vfraniakbd@youtube.com
411,Vinny,Capp,vcappbe@nbcnews.com
412,York,De Anesy,ydeanesybf@cornell.edu
413,Emmett,Scougal,escougalbg@dailymail.co.uk
414,Morgan,Newland,mnewlandbh@yahoo.com
415,Thorndike,Dicke,tdickebi@narod.ru
416,Bennie,Woodall,bwoodallbj@rambler.ru
417,Benedick,Guys,bguysbk@mapy.cz
418,Amalia,Lathey,alatheybl@biglobe.ne.jp
419,Kitti,Warratt,kwarrattbm@pagesperso-orange.fr
420,Riki,Timberlake,rtimberlakebn@nytimes.com
421,Karlotte,Castanie,kcastaniebo@bluehost.com
422,Connie,O' Mullan,comullanbp@jigsy.com
423,Lloyd,Vanyushin,lvanyushinbq@state.gov
424,Ulrica,Wisden,uwisdenbr@google.pl
425,Stacie,Ackery,sackerybs@ca.gov
426,Tracey,Sweett,tsweettbt@t-online.de
427,Carol-jean,McKnockiter,cmcknockiterbu@altervista.org
428,Conroy,Fison,cfisonbv@ustream.tv
429,Marco,Martusewicz,mmartusewiczbw@hud.gov
430,Rufe,Bru,rbrubx@ibm.com
431,Batsheva,Coad,bcoadby@ow.ly
432,Sashenka,Syer,ssyerbz@flavors.me
433,Rob,Tomankowski,rtomankowskic0@nps.gov
434,Carlos,Rowaszkiewicz,crowaszkiewiczc1@pagesperso-orange.fr
435,Beulah,Ruppertz,bruppertzc2@craigslist.org
436,Lin,Myall,lmyallc3@boston.com
437,Camella,Jouandet,cjouandetc4@jiathis.com
438,Davin,Atcherley,datcherleyc5@mediafire.com
439,Willette,Glisenan,wglisenanc6@nyu.edu
440,Chrotoem,Tarney,ctarneyc7@ox.ac.uk
441,Nola,Bloss,nblossc8@multiply.com
442,Bertie,Cattle,bcattlec9@ftc.gov
443,Junie,Chalmers,jchalmersca@marketwatch.com
444,Kristien,Dacca,kdaccacb@usda.gov
445,Wren,Hardage,whardagecc@google.it
446,Ludovico,Thorneloe,lthorneloecd@youtu.be
447,Silvester,Hasker,shaskerce@wunderground.com
448,Christy,Jacombs,cjacombscf@wikipedia.org
449,Adda,Cheesman,acheesmancg@godaddy.com
450,Roderich,Inger,ringerch@macromedia.com
451,Ramona,Bolitho,rbolithoci@businessweek.com
452,Leisha,Dennison,ldennisoncj@live.com
453,Noemi,Echallier,nechallierck@vistaprint.com
454,Mil,Fronzek,mfronzekcl@pinterest.com
455,Tadio,Perri,tperricm@weibo.com
456,Silas,Tomkins,stomkinscn@trellian.com
457,Dacy,Clausewitz,dclausewitzco@over-blog.com
458,Susannah,Jordine,sjordinecp@thetimes.co.uk
459,Cam,Tofful,ctoffulcq@1und1.de
460,Sydney,Browell,sbrowellcr@google.com.hk
461,Bevon,Masters,bmasterscs@latimes.com
462,Maryanne,Murty,mmurtyct@addthis.com
463,Shep,Scoyles,sscoylescu@yellowpages.com
464,Stuart,Malafe,smalafecv@ovh.net
465,Augie,Longson,alongsoncw@walmart.com
466,Rickard,Morais,rmoraiscx@rambler.ru
467,Jeremiah,O'Rourke,jorourkecy@soup.io
468,Constantina,Healks,chealkscz@wikispaces.com
469,Devlin,Mattke,dmattked0@cocolog-nifty.com
470,Brocky,Ingledow,bingledowd1@dailymail.co.uk
471,Winifred,Mafham,wmafhamd2@flickr.com
472,Preston,Ghelarducci,pghelarduccid3@patch.com
473,Isaac,Gaythorpe,igaythorped4@google.com.au
474,Deck,Spracklin,dspracklind5@yandex.ru
475,Prince,Lynock,plynockd6@google.ru
476,Nedda,Schorah,nschorahd7@walmart.com
477,Coleman,Sly,cslyd8@youtu.be
478,Kara,Lyddy,klyddyd9@gmpg.org
479,Kelsey,Ogle,kogleda@hc360.com
480,Abram,Perigo,aperigodb@bloglines.com
481,Bellina,Earles,bearlesdc@bloglovin.com
482,Dorthy,Ritson,dritsondd@dot.gov
483,Lynsey,Blanket,lblanketde@linkedin.com
484,Jenni,Gillise,jgillisedf@reverbnation.com
485,Maddi,Hounsom,mhounsomdg@example.com
486,Hercule,Kentish,hkentishdh@va.gov
487,Sophronia,Clague,sclaguedi@miibeian.gov.cn
488,Dulci,Moulster,dmoulsterdj@domainmarket.com
489,Dara,Fero,dferodk@mayoclinic.com
490,Aubree,Philimore,aphilimoredl@twitpic.com
491,Marina,Berrie,mberriedm@who.int
492,Marissa,Hellier,mhellierdn@edublogs.org
493,Stacie,Tooze,stoozedo@artisteer.com
494,Timmi,Carman,tcarmandp@who.int
495,Audre,Spring,aspringdq@ustream.tv
496,Bradan,Martinho,bmartinhodr@goo.gl
497,Gene,Ailmer,gailmerds@godaddy.com
498,Arvin,Hablet,ahabletdt@shinystat.com
499,Jaine,New,jnewdu@devhub.com
500,Junette,Tregunnah,jtregunnahdv@howstuffworks.com
501,Ramonda,Aslum,raslumdw@noaa.gov
502,Rinaldo,Boog,rboogdx@craigslist.org
503,Reagen,Rozec,rrozecdy@zimbio.com
504,Donnie,Wait,dwaitdz@about.com
505,Mariya,Durman,mdurmane0@cdc.gov
506,Bernete,Shevlane,bshevlanee1@xrea.com
507,Dorena,Wilde,dwildee2@fotki.com
508,Lida,Toppas,ltoppase3@cyberchimps.com
509,Packston,Di Napoli,pdinapolie4@dagondesign.com
510,Shaylah,Ferras,sferrase5@cargocollective.com
511,Sybil,Siveter,ssivetere6@cloudflare.com
512,Reamonn,Utteridge,rutteridgee7@intel.com
513,Regan,Meah,rmeahe8@sbwire.com
514,Saul,Engelbrecht,sengelbrechte9@yellowbook.com
515,Judd,MacCrackan,jmaccrackanea@dell.com
516,Francklyn,Haville,fhavilleeb@china.com.cn
517,Marrilee,Colerick,mcolerickec@techcrunch.com
518,Miguel,Gwilliam,mgwilliamed@livejournal.com
519,Levey,Katzmann,lkatzmannee@hugedomains.com
520,Lark,Coatman,lcoatmanef@google.co.jp
521,Caye,Oaks,coakseg@accuweather.com
522,Jessalyn,Staite,jstaiteeh@google.es
523,Euphemia,Dungate,edungateei@cyberchimps.com
524,Gael,Bazire,gbazireej@ameblo.jp
525,Rupert,Bessett,rbessettek@ted.com
526,Zoe,Leatherborrow,zleatherborrowel@google.cn
527,Allyn,Tole,atoleem@dailymail.co.uk
528,Thorstein,Leppard,tlepparden@ycombinator.com
529,Rennie,Gissop,rgissopeo@wisc.edu
530,Ramonda,Kilcullen,rkilcullenep@timesonline.co.uk
531,Ephraim,Mertel,emerteleq@nydailynews.com
532,Van,Ellis,velliser@biglobe.ne.jp
533,Lynnea,Humbell,lhumbelles@hostgator.com
534,Van,Carrabott,vcarrabottet@go.com
535,Margery,Petit,mpetiteu@w3.org
536,Beitris,Mitkov,bmitkovev@constantcontact.com
537,Luciana,Hutchens,lhutchensew@fema.gov
538,Karin,Maskell,kmaskellex@uol.com.br
539,Doralynne,Piatkow,dpiatkowey@multiply.com
540,Marcie,Szymanek,mszymanekez@sciencedaily.com
541,Petronilla,Jeffcoate,pjeffcoatef0@stumbleupon.com
542,Kessia,Dolley,kdolleyf1@wix.com
543,Nikaniki,Clawley,nclawleyf2@hostgator.com
544,Aloise,Guilayn,aguilaynf3@google.com.br
545,Judy,Tattershaw,jtattershawf4@pagesperso-orange.fr
546,Orel,Banbrigge,obanbriggef5@biblegateway.com
547,Farr,Farrants,ffarrantsf6@nba.com
548,Sherri,Coad,scoadf7@list-manage.com
549,Alejandrina,Studdert,astuddertf8@usda.gov
550,Micky,McKirdy,mmckirdyf9@patch.com
551,Myrtie,Splevin,msplevinfa@arizona.edu
552,Elston,Breffitt,ebreffittfb@ifeng.com
553,Ebonee,Brabham,ebrabhamfc@oaic.gov.au
554,Hayley,Straffon,hstraffonfd@ucsd.edu
555,Creigh,Conkie,cconkiefe@bigcartel.com
556,Euell,Crickett,ecrickettff@wordpress.org
557,Carolin,Chowne,cchownefg@twitter.com
558,Skipper,Sporner,sspornerfh@home.pl
559,Tommy,Coltart,tcoltartfi@printfriendly.com
560,Valerye,Reah,vreahfj@ucla.edu
561,Ariana,Anstice,aansticefk@ask.com
562,Wain,Winckworth,wwinckworthfl@ask.com
563,Hermia,Tweed,htweedfm@moonfruit.com
564,Beryl,McCurt,bmccurtfn@eepurl.com
565,Cassi,Grigor,cgrigorfo@smh.com.au
566,Karlan,Searsby,ksearsbyfp@cpanel.net
567,Gardy,Jarritt,gjarrittfq@squarespace.com
568,Quintus,Boote,qbootefr@cnet.com
569,Jodi,Mawhinney,jmawhinneyfs@cloudflare.com
570,Corabel,Laurentino,claurentinoft@imdb.com
571,Nerty,Scales,nscalesfu@chron.com
572,Leonelle,Marrable,lmarrablefv@rakuten.co.jp
573,Shirl,Ashcroft,sashcroftfw@blog.com
574,Walden,Haken,whakenfx@state.tx.us
575,Aymer,Hamnet,ahamnetfy@scribd.com
576,Catharine,Fahrenbach,cfahrenbachfz@fda.gov
577,Devin,Hardwell,dhardwellg0@constantcontact.com
578,Ave,Laurencot,alaurencotg1@wordpress.org
579,Osmond,Terzo,oterzog2@marriott.com
580,Adela,Yewen,ayeweng3@hexun.com
581,Bjorn,McCullogh,bmcculloghg4@smh.com.au
582,Gerri,Chappel,gchappelg5@ft.com
583,Stephanus,Jzhakov,sjzhakovg6@360.cn
584,Andrew,Rudall,arudallg7@china.com.cn
585,Elinore,Cadwaladr,ecadwaladrg8@nps.gov
586,Clerc,Peckitt,cpeckittg9@acquirethisname.com
587,Englebert,Dymocke,edymockega@twitpic.com
588,Jewelle,Stuttman,jstuttmangb@patch.com
589,Ken,Middleton,kmiddletongc@paypal.com
590,Clim,Portlock,cportlockgd@slashdot.org
591,Port,Peagrim,ppeagrimge@nps.gov
592,Darsie,Krout,dkroutgf@ihg.com
593,Rolf,Jankovsky,rjankovskygg@naver.com
594,Kelci,Leet,kleetgh@friendfeed.com
595,Genevra,Dublin,gdublingi@bizjournals.com
596,Fielding,Walters,fwaltersgj@webmd.com
597,Emera,Torbard,etorbardgk@hud.gov
598,Shawna,Hamlett,shamlettgl@symantec.com
599,Skipton,Bockett,sbockettgm@indiegogo.com
600,Irv,Sorbie,isorbiegn@jugem.jp
601,Taddeusz,Dillingham,tdillinghamgo@is.gd
602,Sydel,Alton,saltongp@mlb.com
603,Kahaleel,Plowes,kplowesgq@pen.io
604,Evangeline,Defrain,edefraingr@altervista.org
605,Cathie,Skaife,cskaifegs@gmpg.org
606,Oswald,Meates,omeatesgt@dailymail.co.uk
607,Lambert,Gribbin,lgribbingu@google.nl
608,Lauryn,Oseland,loselandgv@wiley.com
609,Tony,Espinheira,tespinheiragw@webnode.com
610,Kerrin,Scheffel,kscheffelgx@myspace.com
611,Judas,Bowhay,jbowhaygy@yandex.ru
612,Caroljean,Marton,cmartongz@tumblr.com
613,Siobhan,Bibbie,sbibbieh0@cocolog-nifty.com
614,Randene,Cyseley,rcyseleyh1@mac.com
615,Dory,Welberry,dwelberryh2@cmu.edu
616,Huberto,Rotte,hrotteh3@multiply.com
617,Sly,Whitsun,swhitsunh4@drupal.org
618,Domenic,Sand,dsandh5@qq.com
619,Brandy,Gimbrett,bgimbretth6@marketwatch.com
620,Sholom,Forsdike,sforsdikeh7@cdc.gov
621,Stella,Carstairs,scarstairsh8@cbc.ca
622,Corry,Klain,cklainh9@bravesites.com
623,Brig,MacDiarmond,bmacdiarmondha@artisteer.com
624,Shel,Furniss,sfurnisshb@ebay.com
625,Daisi,Aire,dairehc@utexas.edu
626,Ferdinande,Monery,fmoneryhd@ft.com
627,Marjory,Egdale,megdalehe@globo.com
628,Waite,Kigelman,wkigelmanhf@comsenz.com
629,Suki,Gumb,sgumbhg@boston.com
630,Delmar,Summerskill,dsummerskillhh@mit.edu
631,Saba,Haysman,shaysmanhi@boston.com
632,Thomasina,Rummer,trummerhj@cyberchimps.com
633,Trudey,Adderley,tadderleyhk@canalblog.com
634,Daron,Stampfer,dstampferhl@gmpg.org
635,Nicholas,Toal,ntoalhm@amazon.co.jp
636,Shaylah,Gulvin,sgulvinhn@4shared.com
637,Nita,Hamblington,nhamblingtonho@imageshack.us
638,Leisha,Woollacott,lwoollacotthp@godaddy.com
639,Darb,Lardeux,dlardeuxhq@slashdot.org
640,Lorens,Creser,lcreserhr@squarespace.com
641,Tris,Hunnicutt,thunnicutths@sogou.com
642,Salli,Hardwicke,shardwickeht@buzzfeed.com
643,Britt,Mulmuray,bmulmurayhu@wunderground.com
644,Devonne,Rene,drenehv@technorati.com
645,Dwain,Hackwell,dhackwellhw@printfriendly.com
646,Ad,Gulley,agulleyhx@cocolog-nifty.com
647,Devinne,Veillard,dveillardhy@yahoo.co.jp
648,Felicle,Cooley,fcooleyhz@angelfire.com
649,Angelina,Osorio,aosorioi0@google.com.au
650,Paulita,Fellgett,pfellgetti1@skype.com
651,Moise,Chester,mchesteri2@businessinsider.com
652,Lammond,McNuff,lmcnuffi3@nationalgeographic.com
653,Catherine,O'Dowd,codowdi4@seesaa.net
654,Dom,Sidwell,dsidwelli5@samsung.com
655,Malanie,Ison,misoni6@ucla.edu
656,Amelie,Tute,atutei7@goo.gl
657,Grace,Gridon,ggridoni8@cyberchimps.com
658,Nisse,Fatharly,nfatharlyi9@goo.ne.jp
659,Zebulen,Reichartz,zreichartzia@scribd.com
660,Tallulah,Slide,tslideib@nps.gov
661,Jerrie,Starrs,jstarrsic@people.com.cn
662,Devonna,Rablen,drablenid@marketwatch.com
663,Lea,Chaperlin,lchaperlinie@dailymail.co.uk
664,Cedric,Schwandermann,cschwandermannif@ted.com
665,Jacquette,Fortey,jforteyig@bandcamp.com
666,Ashby,Howard - Gater,ahowardgaterih@harvard.edu
667,Thorin,Troutbeck,ttroutbeckii@webnode.com
668,Kristyn,Kilminster,kkilminsterij@sakura.ne.jp
669,Mufinella,MacAlaster,mmacalasterik@earthlink.net
670,Jesus,Oke,jokeil@symantec.com
671,Viviana,Allpress,vallpressim@prweb.com
672,Cyrillus,Kliemchen,ckliemchenin@hexun.com
673,Laurice,Gerholz,lgerholzio@google.co.jp
674,Iain,Kemme,ikemmeip@flavors.me
675,Louie,Goodnow,lgoodnowiq@nydailynews.com
676,Sandy,Clifft,sclifftir@e-recht24.de
677,Fax,Gulvin,fgulvinis@rediff.com
678,Leslie,Hurst,lhurstit@elegantthemes.com
679,Pippa,Volett,pvolettiu@github.com
680,Brand,Woliter,bwoliteriv@usnews.com
681,Shae,Lackner,slackneriw@amazon.de
682,Raddie,Landreth,rlandrethix@opensource.org
683,Yolande,Wimp,ywimpiy@bbb.org
684,Rodie,Drinkale,rdrinkaleiz@jugem.jp
685,Gussy,Haddrill,ghaddrillj0@army.mil
686,Bartie,Eyer,beyerj1@wikia.com
687,Arleta,Casino,acasinoj2@go.com
688,Blakelee,Ivachyov,bivachyovj3@unc.edu
689,Sybille,Gaskall,sgaskallj4@ifeng.com
690,Cherie,Robelin,crobelinj5@ezinearticles.com
691,Torr,Duchasteau,tduchasteauj6@wsj.com
692,Frederico,Sybbe,fsybbej7@bloglines.com
693,Tristam,Vandrill,tvandrillj8@indiegogo.com
694,Jerrine,Vosse,jvossej9@unblog.fr
695,Caterina,Genike,cgenikeja@i2i.jp
696,Dewie,Petican,dpeticanjb@ebay.com
697,Nissa,Caine,ncainejc@google.co.jp
698,Trudi,Moreman,tmoremanjd@telegraph.co.uk
699,Price,Bysaker,pbysakerje@nps.gov
700,Rogers,Cutchie,rcutchiejf@moonfruit.com
701,Neel,Grumell,ngrumelljg@mlb.com
702,Nan,Deakan,ndeakanjh@cbsnews.com
703,Grady,Feaster,gfeasterji@uol.com.br
704,Shel,Bleiman,sbleimanjj@wisc.edu
705,Leigh,Tutsell,ltutselljk@acquirethisname.com
706,Leonid,Boerder,lboerderjl@meetup.com
707,Cordy,Dodworth,cdodworthjm@cargocollective.com
708,Jena,Klimochkin,jklimochkinjn@wiley.com
709,Tommie,Gawkes,tgawkesjo@irs.gov
710,Chantalle,Oake,coakejp@plala.or.jp
711,Christabel,Petrello,cpetrellojq@cloudflare.com
712,Jenifer,Sandeland,jsandelandjr@washingtonpost.com
713,Georgy,Sindell,gsindelljs@linkedin.com
714,Haydon,Losano,hlosanojt@wufoo.com
715,Tanhya,D'Alwis,tdalwisju@chicagotribune.com
716,Ursa,Pattison,upattisonjv@skyrock.com
717,Elisabetta,Abelwhite,eabelwhitejw@fda.gov
718,Tomas,Keeley,tkeeleyjx@wikimedia.org
719,Ellsworth,Jollands,ejollandsjy@e-recht24.de
720,Florida,Gilford,fgilfordjz@usda.gov
721,Ring,Satterley,rsatterleyk0@networksolutions.com
722,Lonnie,Shaxby,lshaxbyk1@slate.com
723,Amalita,Townby,atownbyk2@github.com
724,Coop,Larrad,clarradk3@shutterfly.com
725,Paten,Oxenbury,poxenburyk4@wikispaces.com
726,Janifer,McCrie,jmccriek5@epa.gov
727,Rhody,Keepin,rkeepink6@npr.org
728,Ronica,Klewi,rklewik7@oracle.com
729,Kiri,Michiel,kmichielk8@jigsy.com
730,Vin,Cranstoun,vcranstounk9@infoseek.co.jp
731,Sidoney,Idiens,sidienska@constantcontact.com
732,Archibaldo,Gorst,agorstkb@bloomberg.com
733,Kaleb,Craise,kcraisekc@stanford.edu
734,Adrianna,Jeandeau,ajeandeaukd@reverbnation.com
735,Vevay,Little,vlittleke@umn.edu
736,Elbertina,Wederell,ewederellkf@latimes.com
737,Elbertine,Abrahim,eabrahimkg@addtoany.com
738,Aggy,Tye,atyekh@php.net
739,Fidel,Dancer,fdancerki@mtv.com
740,Zonnya,Trippitt,ztrippittkj@quantcast.com
741,Abbe,Linstead,alinsteadkk@disqus.com
742,Jeremias,Playle,jplaylekl@xing.com
743,Caddric,Assiratti,cassirattikm@weebly.com
744,Tasia,Sawdon,tsawdonkn@creativecommons.org
745,Bobby,Eginton,begintonko@wsj.com
746,Moira,Rudinger,mrudingerkp@skype.com
747,Thaddus,Domican,tdomicankq@opensource.org
748,Candide,Bendixen,cbendixenkr@sciencedirect.com
749,Wald,Stair,wstairks@4shared.com
750,Monroe,Coventon,mcoventonkt@ning.com
751,Karissa,Lampard,klampardku@goodreads.com
752,Vanya,Fallanche,vfallanchekv@miitbeian.gov.cn
753,Casar,Pallant,cpallantkw@loc.gov
754,Estelle,Beretta,eberettakx@ehow.com
755,Paige,Extall,pextallky@hhs.gov
756,Clarie,Stiddard,cstiddardkz@weebly.com
757,Abigail,Lattos,alattosl0@businessweek.com
758,Aguie,Breton,abretonl1@intel.com
759,Rycca,Braney,rbraneyl2@reference.com
760,Eloisa,Gornar,egornarl3@qq.com
761,Sascha,Load,sloadl4@reverbnation.com
762,Sisely,Edger,sedgerl5@1und1.de
763,Bond,Andrez,bandrezl6@desdev.cn
764,Meggie,Carse,mcarsel7@prlog.org
765,Leslie,McJury,lmcjuryl8@npr.org
766,Gerhard,Benning,gbenningl9@wikia.com
767,Jacklin,Ilyenko,jilyenkola@icq.com
768,Krissy,Bauckham,kbauckhamlb@yandex.ru
769,Zackariah,Barttrum,zbarttrumlc@csmonitor.com
770,Calli,McGebenay,cmcgebenayld@dot.gov
771,Hugh,McLugaish,hmclugaishle@who.int
772,Adolph,Negro,anegrolf@latimes.com
773,Kendell,Persehouse,kpersehouselg@blinklist.com
774,Bastien,Juleff,bjulefflh@npr.org
775,Gwyneth,Gillino,ggillinoli@ifeng.com
776,Sansone,Selcraig,sselcraiglj@last.fm
777,Corenda,Broddle,cbroddlelk@nih.gov
778,Reese,Inglesent,ringlesentll@typepad.com
779,Kenna,Harnett,kharnettlm@goo.gl
780,Minnaminnie,Anthes,manthesln@weebly.com
781,Melonie,Helks,mhelkslo@archive.org
782,Cathleen,Olivet,colivetlp@chronoengine.com
783,Cortie,Yanov,cyanovlq@4shared.com
784,Gloriana,Lunk,glunklr@redcross.org
785,Yule,Monkleigh,ymonkleighls@myspace.com
786,Worth,Simcoe,wsimcoelt@phpbb.com
787,Jeanna,Cornier,jcornierlu@pcworld.com
788,Nate,Surfleet,nsurfleetlv@cargocollective.com
789,Eugenia,Yeates,eyeateslw@xing.com
790,Hamlin,Udale,hudalelx@nifty.com
791,Caralie,Harberer,charbererly@about.com
792,Venita,Chetwynd,vchetwyndlz@reddit.com
793,Marketa,Handke,mhandkem0@dion.ne.jp
794,Milena,Buscombe,mbuscombem1@netscape.com
795,Mirilla,Seeds,mseedsm2@ebay.com
796,Christyna,Alabaster,calabasterm3@oakley.com
797,Randa,Bande,rbandem4@ox.ac.uk
798,Michele,McCurdy,mmccurdym5@nps.gov
799,Siobhan,Hovy,shovym6@sun.com
800,Crissie,Casier,ccasierm7@alibaba.com
801,Kati,Milius,kmiliusm8@angelfire.com
802,Duke,Gommes,dgommesm9@ihg.com
803,Marti,Hassall,mhassallma@pbs.org
804,Clayborne,Keighley,ckeighleymb@typepad.com
805,Adey,Ferrer,aferrermc@reddit.com
806,Minerva,Magnar,mmagnarmd@quantcast.com
807,Eadmund,Turrell,eturrellme@linkedin.com
808,Celine,Ysson,cyssonmf@dot.gov
809,Lara,McPhaden,lmcphadenmg@hp.com
810,Brier,Ramm,brammmh@hibu.com
811,Reggis,Gilderoy,rgilderoymi@eventbrite.com
812,Vick,Doldon,vdoldonmj@yahoo.com
813,Dore,Seine,dseinemk@whitehouse.gov
814,Shanna,Janu,sjanuml@webs.com
815,Ephrayim,Colbourn,ecolbournmm@diigo.com
816,Clary,Cribbins,ccribbinsmn@posterous.com
817,Barrie,Mougin,bmouginmo@ow.ly
818,Lanie,Brenneke,lbrennekemp@wunderground.com
819,Conway,Bussetti,cbussettimq@acquirethisname.com
820,Kristen,Goulbourn,kgoulbournmr@angelfire.com
821,Mycah,Benham,mbenhamms@mozilla.com
822,Allx,Studdal,astuddalmt@hostgator.com
823,Renelle,Spurman,rspurmanmu@xrea.com
824,Boony,Meehan,bmeehanmv@cargocollective.com
825,Tilly,Sacker,tsackermw@nationalgeographic.com
826,Charlene,Dumberell,cdumberellmx@parallels.com
827,Wilbert,Simonutti,wsimonuttimy@sourceforge.net
828,Jake,Joddens,jjoddensmz@gravatar.com
829,Addi,Gozney,agozneyn0@pcworld.com
830,Gwen,Eaddy,geaddyn1@wiley.com
831,Ardelis,Cressingham,acressinghamn2@rambler.ru
832,Stephanus,Binfield,sbinfieldn3@ihg.com
833,Larina,Saterweyte,lsaterweyten4@linkedin.com
834,Emilee,Marland,emarlandn5@tinyurl.com
835,Boy,Adams,badamsn6@webeden.co.uk
836,Rosalyn,Bassett,rbassettn7@github.com
837,Bevvy,Balston,bbalstonn8@chicagotribune.com
838,Nathanael,Duffil,nduffiln9@discuz.net
839,Florie,Tull,ftullna@smh.com.au
840,Delly,Rumble,drumblenb@hugedomains.com
841,Gardner,Rutgers,grutgersnc@mysql.com
842,Ly,Upshall,lupshallnd@usnews.com
843,Lorrin,Huddles,lhuddlesne@rambler.ru
844,Daria,Selwood,dselwoodnf@japanpost.jp
845,Evangelin,Pepper,epepperng@chronoengine.com
846,Adoree,Pumphrey,apumphreynh@blogs.com
847,Putnem,Matthieson,pmatthiesonni@baidu.com
848,Aron,Philipot,aphilipotnj@nbcnews.com
849,Kendricks,Dunlap,kdunlapnk@paypal.com
850,Flint,Mault,fmaultnl@xrea.com
851,Lodovico,O'Fihillie,lofihillienm@ezinearticles.com
852,Ransell,Domingues,rdominguesnn@ebay.co.uk
853,Hanan,Oswell,hoswellno@hugedomains.com
854,Florance,Edwardes,fedwardesnp@nih.gov
855,Larissa,Inott,linottnq@ca.gov
856,Odelia,Mathouse,omathousenr@hostgator.com
857,Sibyl,De L'Isle,sdelislens@simplemachines.org
858,Anatol,Brammar,abrammarnt@fotki.com
859,Hadleigh,Morrieson,hmorriesonnu@myspace.com
860,Travers,Rustidge,trustidgenv@bizjournals.com
861,Kerry,Hawthorne,khawthornenw@dion.ne.jp
862,Daffie,Excell,dexcellnx@sourceforge.net
863,Tabbitha,Guwer,tguwerny@usda.gov
864,Tawsha,Paal,tpaalnz@macromedia.com
865,Gwenni,Demcak,gdemcako0@vimeo.com
866,Saidee,Bodesson,sbodessono1@tripadvisor.com
867,Gabriell,Aindrais,gaindraiso2@dailymail.co.uk
868,Aggie,McGriele,amcgrieleo3@comsenz.com
869,Morten,Wignall,mwignallo4@salon.com
870,Murielle,Filippazzo,mfilippazzoo5@acquirethisname.com
871,Simonette,MacCulloch,smaccullocho6@sourceforge.net
872,Freddi,Pindred,fpindredo7@amazon.co.uk
873,Louise,Bunce,lbunceo8@soundcloud.com
874,Kevyn,Tripet,ktripeto9@freewebs.com
875,Bogey,Diche,bdicheoa@example.com
876,Johna,Yurchenko,jyurchenkoob@paginegialle.it
877,Gris,Bunce,gbunceoc@admin.ch
878,Nannette,Ruse,nruseod@utexas.edu
879,Arda,Boshard,aboshardoe@jigsy.com
880,Dewain,Shall,dshallof@meetup.com
881,Chilton,Tomasian,ctomasianog@blinklist.com
882,Sigismund,Kures,skuresoh@miitbeian.gov.cn
883,Jo,Cookes,jcookesoi@house.gov
884,Jonas,Learned,jlearnedoj@theglobeandmail.com
885,Mikkel,Braunstein,mbraunsteinok@naver.com
886,Lilias,Boult,lboultol@china.com.cn
887,Isaiah,Dongate,idongateom@google.ru
888,Jacklin,Geer,jgeeron@opera.com
889,Addison,Cutchey,acutcheyoo@bloglines.com
890,Bentley,Sturman,bsturmanop@google.ca
891,Starr,Lusher,slusheroq@nature.com
892,Windy,Groundwator,wgroundwatoror@arizona.edu
893,Noach,McVitty,nmcvittyos@theatlantic.com
894,Chrystel,McGhie,cmcghieot@nature.com
895,Mike,Tine,mtineou@sbwire.com
896,Gard,Roberts,grobertsov@wsj.com
897,Irving,Cordell,icordellow@statcounter.com
898,Jyoti,Kettlestringe,jkettlestringeox@sun.com
899,Ame,Woodwin,awoodwinoy@wix.com
900,Gavra,Youngs,gyoungsoz@slate.com
901,Alissa,Spataro,aspatarop0@dion.ne.jp
902,Malissa,Markos,mmarkosp1@icio.us
903,Carolin,Pinck,cpinckp2@guardian.co.uk
904,Izabel,Bretton,ibrettonp3@bing.com
905,Rosalinde,Pavlovic,rpavlovicp4@loc.gov
906,Bennie,Stubley,bstubleyp5@timesonline.co.uk
907,Laird,Bisiker,lbisikerp6@howstuffworks.com
908,Wye,Coulton,wcoultonp7@irs.gov
909,Costanza,McRavey,cmcraveyp8@bluehost.com
910,Horacio,Southcott,hsouthcottp9@wsj.com
911,Marlin,Gleaves,mgleavespa@51.la
912,Gayla,Atkirk,gatkirkpb@ocn.ne.jp
913,Isacco,Partener,ipartenerpc@ucoz.ru
914,Lizette,Cottam,lcottampd@cocolog-nifty.com
915,Dell,Yewen,dyewenpe@discovery.com
916,Stavro,Rowlatt,srowlattpf@amazonaws.com
917,Kaitlin,Manwaring,kmanwaringpg@narod.ru
918,Husain,Crosher,hcrosherph@ezinearticles.com
919,Mikaela,Klassmann,mklassmannpi@nps.gov
920,Luca,Van Ross,lvanrosspj@tumblr.com
921,Leonardo,Lapides,llapidespk@linkedin.com
922,Hilton,Jerrome,hjerromepl@free.fr
923,Jarid,Blore,jblorepm@delicious.com
924,Beverley,Archard,barchardpn@geocities.jp
925,Hillard,McCloch,hmcclochpo@disqus.com
926,Wash,Jeness,wjenesspp@privacy.gov.au
927,Kala,Deshorts,kdeshortspq@wikia.com
928,Herminia,Whibley,hwhibleypr@nydailynews.com
929,Charlot,Folkes,cfolkesps@discovery.com
930,Starla,Moffett,smoffettpt@blogspot.com
931,Gratiana,Lilburn,glilburnpu@tumblr.com
932,Lottie,Scamadine,lscamadinepv@boston.com
933,Rees,Gerdts,rgerdtspw@ovh.net
934,Akim,Buckle,abucklepx@utexas.edu
935,Ardis,Zimmerman,azimmermanpy@domainmarket.com
936,Abbie,Larmour,alarmourpz@elegantthemes.com
937,Barclay,Smees,bsmeesq0@wikipedia.org
938,Darnell,Lejeune,dlejeuneq1@ted.com
939,Brandon,Shakespeare,bshakespeareq2@shutterfly.com
940,Katrina,Morey,kmoreyq3@gravatar.com
941,Estelle,Rozalski,erozalskiq4@paginegialle.it
942,Alec,Bairnsfather,abairnsfatherq5@woothemes.com
943,Edy,Nodes,enodesq6@sogou.com
944,Renado,Flux,rfluxq7@forbes.com
945,Amerigo,Inchan,ainchanq8@google.com.au
946,Shawn,Fendley,sfendleyq9@arizona.edu
947,Ainslie,Balmer,abalmerqa@purevolume.com
948,Linn,Gazey,lgazeyqb@sun.com
949,Brynne,Edmondson,bedmondsonqc@fc2.com
950,Pia,Drowsfield,pdrowsfieldqd@opera.com
951,Etty,Hunnam,ehunnamqe@mayoclinic.com
952,Herminia,Da Costa,hdacostaqf@unblog.fr
953,Cinderella,Nairy,cnairyqg@mashable.com
954,Elfrieda,Corran,ecorranqh@ocn.ne.jp
955,Wanda,Shapira,wshapiraqi@ycombinator.com
956,Jana,Brandli,jbrandliqj@seattletimes.com
957,Danny,Schurig,dschurigqk@mac.com
958,Rayner,Van Hault,rvanhaultql@desdev.cn
959,Thibaud,Probets,tprobetsqm@apple.com
960,Meir,Kennford,mkennfordqn@indiatimes.com
961,Davon,Pearcehouse,dpearcehouseqo@mozilla.com
962,Arleyne,Courtier,acourtierqp@so-net.ne.jp
963,Lidia,Dancey,ldanceyqq@imdb.com
964,Rita,Dufton,rduftonqr@mail.ru
965,Melli,Brahan,mbrahanqs@gov.uk
966,Marlo,Raatz,mraatzqt@rediff.com
967,Teodoro,Chad,tchadqu@ibm.com
968,Jeanine,Lahy,jlahyqv@skyrock.com
969,Leisha,O'Heffernan,loheffernanqw@joomla.org
970,Cilka,Labden,clabdenqx@baidu.com
971,Gilberta,Potapczuk,gpotapczukqy@live.com
972,Alysa,Bonanno,abonannoqz@barnesandnoble.com
973,Colly,Tuxill,ctuxillr0@slideshare.net
974,Chance,Estoile,cestoiler1@stanford.edu
975,Elonore,Colleer,ecolleerr2@sina.com.cn
976,Agna,Mattin,amattinr3@odnoklassniki.ru
977,Bellina,Micah,bmicahr4@alibaba.com
978,Nancy,Metheringham,nmetheringhamr5@pagesperso-orange.fr
979,Addy,Humm,ahummr6@ucsd.edu
980,Maryanna,Esselen,messelenr7@usgs.gov
981,Willy,Buessen,wbuessenr8@photobucket.com
982,Stewart,Tring,stringr9@cargocollective.com
983,Harman,Tufts,htuftsra@photobucket.com
984,Olva,Rispen,orispenrb@issuu.com
985,Merle,Longland,mlonglandrc@irs.gov
986,Helsa,Blewis,hblewisrd@mashable.com
987,Dugald,Castletine,dcastletinere@tmall.com
988,Jordon,Johnes,jjohnesrf@gravatar.com
989,Jordan,Jolin,jjolinrg@wordpress.com
990,Molly,Sivil,msivilrh@disqus.com
991,Lilyan,Deguara,ldeguarari@blogspot.com
992,Cole,Dohms,cdohmsrj@webs.com
993,Row,Clineck,rclineckrk@guardian.co.uk
994,Ethelind,Marland,emarlandrl@webmd.com
995,Reece,Zealy,rzealyrm@twitter.com
996,Brucie,Ruddom,bruddomrn@linkedin.com
997,Breanne,Wallage,bwallagero@pagesperso-orange.fr
998,Perle,Towl,ptowlrp@cloudflare.com
999,Debra,Gehricke,dgehrickerq@chicagotribune.com
1000,April,Ollerenshaw,aollerenshawrr@google.ru
